4k6Uh1HXdhtusDW5y8Gbvy,afrofuturism
5CM4UuQ9Gnd6K2YyKGPMoK,afrofuturism
0Wc6cbF38a90b8wov9V63F,alt z
4edtsBlaX23OPYmhA4R0GP,alt z
76OGwb5RA9h4FxQPT33ekc,alt z
04TshWXkhV1qkqHzf31Hn6,anime
15HNdxGKNCIO9pgaY4n7FU,anime
3khEEPRyBeOUabbmOPJzAG,anime
4zrKPIygugUDKGFEjVwpSB,anime
5elW2CKSoqjYoJ32AGDxf1,anime
15HNdxGKNCIO9pgaY4n7FU,anime rock
4zrKPIygugUDKGFEjVwpSB,anime rock
0u2P5u6lvoDfwTYjAADbn4,art pop
5q3LwAHTqo9d3rET2EA9Nq,asian american hip hop
4jFlvOGheB5FXdPSArZGBN,atl hip hop
4jFlvOGheB5FXdPSArZGBN,atl trap
7uoFMmxln0GPXQ0AcCBXRq,australian dance
5PjdY0CKGZdEuoNab3yDmX,australian hip hop
0nhBKubnVz9yFNNprBniWz,australian pop
5hnGrTBaEsdukpDF6aZg8a,australian pop
7uoFMmxln0GPXQ0AcCBXRq,australian pop
35ovElsgyAtQwYPYnZJECg,barbadian pop
1xK59OXxi2TAAAbmZK0kBL,bedroom pop
4xqrdfXkTW4T0RauPLv3WA,bedroom pop
6KfoDhO4XUWSbnyKjNp9c4,bedroom pop
2MJz8BxxMsERULatmBikDH,bedroom soul
4uUG5RXrOk84mYEfFvj3cK,big room
10xV5l9nhLvFpR8mqzs0bL,brostep
4qu63nuBpdn0qHUHuObEj1,brostep
07aRW1pyQbQ2XyFDAuZqVj,canadian contemporary r&b
0FeIHC8NLDuECIdDX678RE,canadian contemporary r&b
12OA5g535pKO3wAngigXDd,canadian contemporary r&b
1agdUoJsYEqdMX6xZH9dZN,canadian contemporary r&b
1dMYXa80RxTbif52FgSsNo,canadian contemporary r&b
1IZ2wT7JTz8LFgH5EQMO2p,canadian contemporary r&b
22Pj0MqPGaN5jBghFlvDuW,canadian contemporary r&b
2Ch7LmS7r2Gy2kc64wv3Bz,canadian contemporary r&b
2ExUUIl6ZTBiJOD1kfRlFp,canadian contemporary r&b
2LBqCSwhJGcFQeTHMVGwy3,canadian contemporary r&b
3bDDGh5FOIfgmGW4AAucPL,canadian contemporary r&b
3duh1DJwxHBreO8WJKklfx,canadian contemporary r&b
3V9rxJh15JwkJz9dkboloY,canadian contemporary r&b
3XbbXDty66ZeFPCyo9t7c1,canadian contemporary r&b
4hFex1culG8cWTy47bW3N6,canadian contemporary r&b
4LrO11nmCWubzzCdETXavm,canadian contemporary r&b
4O00tt69fUibqVPSH1SBIY,canadian contemporary r&b
4pqWzi8QsCSQT0HzABSIHI,canadian contemporary r&b
4y18sIBBWwmVU5GZGniQRk,canadian contemporary r&b
4y1KFvRyH91poKpMp9d0JW,canadian contemporary r&b
5D5GTs7Wrf5E18omMtQqR6,canadian contemporary r&b
6iV6RjqpU60dKx7w8tLHlN,canadian contemporary r&b
6KTKUNcKRdTN4acqHVhCaT,canadian contemporary r&b
6o5O9LmipmBmhfpOf3aT8x,canadian contemporary r&b
6oh0Im4H4KY2ZqNG5DOY8D,canadian contemporary r&b
6PzEs0jXuYZi5dkKJLLt9K,canadian contemporary r&b
7ivTHwCxZ8tkIB5gOuFcS8,canadian contemporary r&b
1bDbXMyjaUIooNwFE9wn0N,canadian hip hop
2KLwPaRDOB87XOYAT2fgxh,canadian hip hop
3F5CgOj3wFlRv51JsHbxhe,canadian hip hop
46s57QULU02Voy0Kup6UEb,canadian hip hop
0cNPqJaCPX1qC6FLShDbTk,canadian pop
0fpaxEr8yfUmqzkjkVVh6c,canadian pop
0hWURjT3p4tMF2EouNO6TL,canadian pop
0kjrclqdeE7ua5QuLOt6lc,canadian pop
0MbBvTzDEhuhovH38SlOD5,canadian pop
0mhgGrhoasMh0Mm3Pr5mOX,canadian pop
0pKrXUJnNZKWp42Vs86BJx,canadian pop
0QLeetDdf7f8U9KdefEqP6,canadian pop
0R9gzUCdHsmNTv1736jwwz,canadian pop
0RexAGwhw5XkDlLAP664De,canadian pop
0RLyFN5WUDs5FGWxhrhyv8,canadian pop
0sJoS6WwijnAg14V0LNLZ2,canadian pop
0X0sfNoqXY3hTKCSAfsfIA,canadian pop
0XFtgnkaSPg22OFVxwaokS,canadian pop
0XsIrgTCZiXZHLTPqoK1Wy,canadian pop
0yVOfcUWiG5k0EfNEafqEI,canadian pop
1884JbEN81jSSjrzcvo1lr,canadian pop
18pCUVDpZ7vfOZ1reFKMEr,canadian pop
1DU4JZkTMfeRLxaf93jSVQ,canadian pop
1FOTZuCuaEP6X4XeqvlIa7,canadian pop
1mgulDZFQy40DD99jnhsdg,canadian pop
1nahzW3kfMuwReTka28tH5,canadian pop
1vidBJDfIet0vTvxE86WF4,canadian pop
1WPk31vOhXsD1UGYzAgKg3,canadian pop
1xNOBaPbPDFo168LnuJibu,canadian pop
1xYbnuXJNR9XyxHMxY5a3k,canadian pop
26R9HfBgT5TtBvc3YKGYyO,canadian pop
2csDETcuCRQno0BAkUQ5zk,canadian pop
2HBx5LsrZCFx6PqFN0zNBk,canadian pop
2IdeteRHRxt7nnzFhhyV6k,canadian pop
2If9QU6kkmfjLhnA5OK9WN,canadian pop
2RmleWPP01fSwJVJgkmY9F,canadian pop
2S53DLvJ9cFs48qDzHsQ8d,canadian pop
2STXvf1eG22Oi9b89A8XRK,canadian pop
2T4QZKkasqoJMYNprXpj02,canadian pop
3bLbHvEaFGsaPh1QqU4ojx,canadian pop
3CtAIfhyJBzupm0WYu9F3U,canadian pop
3HiNpLjdmHb9iBhYrrwTaj,canadian pop
3iZQlbC7vsZyqOK0AixWlx,canadian pop
3jbM6Grqsd6PKLOmuztY4M,canadian pop
3NFskAeslLtEj7Byir56nl,canadian pop
3T03rPwlL8NVk1yIaxeD8U,canadian pop
3U3YbpEsP4YZdbf6vuTood,canadian pop
4E6jYPC7XeXWUXWer3SdyQ,canadian pop
4F6QidTszkY0i4zdCdpuIO,canadian pop
4FrLdkSLwXfi0mpwhXgbSK,canadian pop
4GcjPfHqQWcWPI7d2sFrKf,canadian pop
4hqdUCRGCgFUs7mTTtaQxB,canadian pop
4iJyoBOLtHqaGxP12qzhQI,canadian pop
4kQt4s2xEA94UesOcYQoZk,canadian pop
4LlsFkZkNZ75KqatWWChpP,canadian pop
4olCy0F9gefBrtMa2LRUKk,canadian pop
4OoQykDW36zdl0whu08sne,canadian pop
4PFDvGuxj8DCTE7UY8efoo,canadian pop
4PUxTfKi1Re1iUjNORRPpu,canadian pop
4tsVFElmTY44I6udgbUynq,canadian pop
4TWNMQowfgSjVqIH3eRptg,canadian pop
4upHguFfNpugv8RHsEXCCo,canadian pop
4wgQ43II1YH9U09xkEZKV1,canadian pop
4WwTrlftPDN46ftHJzdNyW,canadian pop
4X2WhxV26txcQTiD8NHayi,canadian pop
4XvEBgLNklx56nuSlRKaMa,canadian pop
50kpGaPAhYJ3sGmk6vplg0,canadian pop
51nsLSvJySIkaocxqWU4f2,canadian pop
5bQbsMFvB9x0J2u0J4lwyl,canadian pop
5Ca8CNLVSpwhVkfEm0Btru,canadian pop
5GF2M1kFOOOff2s1SP8kTG,canadian pop
5jxDxHWUxnqCIAa6LviG4b,canadian pop
5nSlg4EKsHxg0M5YJSKJbX,canadian pop
5og5UrvRVDU4fCwuYnHzXi,canadian pop
5PN290iJiaFr71y5apJFxE,canadian pop
5v2RWD7IvVi22SRN2029ew,canadian pop
5VCsso7wMGNFWlj3aNfwkJ,canadian pop
5WqDp89igSH6eTDuIpDlaC,canadian pop
5YQEbNhv4ewqUtzv1HR3A1,canadian pop
670At8JalbSN00iZrdjLDg,canadian pop
6AcY2JoNsJ3J4fLdAlsr3S,canadian pop
6EFd0xjcSQAsymyqB1baPO,canadian pop
6eFs2Yx8u3m6PV1nIhmTZn,canadian pop
6EOLYeCDZABrOxvCyBrubE,canadian pop
6hdtsTWdaTqrAXoT5FFW38,canadian pop
6HUF7WijT1hfiJuspi2rej,canadian pop
6I3mqTwhRpn34SLVafSH7G,canadian pop
6jVEZZpsh6uudO4Hi1bUpN,canadian pop
6l7kWcN7OmSICHyyH1aleH,canadian pop
6pxtGxFxI0kekjHNT1hqwx,canadian pop
6QVL5kOLaGxO3gRJCysvaW,canadian pop
6ugkcrFkPvuO4tB5qJZEv1,canadian pop
6YzKaMmk0vSCJ2YQOZAVUx,canadian pop
6ZLrxx40tBFTptUDBtI5PY,canadian pop
6ZSTS5BUb1frFsa2b3Dzjz,canadian pop
759bZPN1fjPvbCfVqNN2Cv,canadian pop
76HClxWxvHx1sFvlDswKhF,canadian pop
7FwWGQi2XiOhC8Fxugvonr,canadian pop
7iCEcGeSrPexwtL8R0q2GX,canadian pop
7pfIuLWQIOccOC8WwIvQQC,canadian pop
7u0De0nCtrcVL82KgIzzEE,canadian pop
07aRW1pyQbQ2XyFDAuZqVj,canadian pop
0FeIHC8NLDuECIdDX678RE,canadian pop
12OA5g535pKO3wAngigXDd,canadian pop
1agdUoJsYEqdMX6xZH9dZN,canadian pop
1bDbXMyjaUIooNwFE9wn0N,canadian pop
1dMYXa80RxTbif52FgSsNo,canadian pop
1IZ2wT7JTz8LFgH5EQMO2p,canadian pop
22Pj0MqPGaN5jBghFlvDuW,canadian pop
2Ch7LmS7r2Gy2kc64wv3Bz,canadian pop
2ExUUIl6ZTBiJOD1kfRlFp,canadian pop
2KLwPaRDOB87XOYAT2fgxh,canadian pop
2LBqCSwhJGcFQeTHMVGwy3,canadian pop
3bDDGh5FOIfgmGW4AAucPL,canadian pop
3duh1DJwxHBreO8WJKklfx,canadian pop
3F5CgOj3wFlRv51JsHbxhe,canadian pop
3V9rxJh15JwkJz9dkboloY,canadian pop
3XbbXDty66ZeFPCyo9t7c1,canadian pop
46s57QULU02Voy0Kup6UEb,canadian pop
4hFex1culG8cWTy47bW3N6,canadian pop
4LrO11nmCWubzzCdETXavm,canadian pop
4O00tt69fUibqVPSH1SBIY,canadian pop
4pqWzi8QsCSQT0HzABSIHI,canadian pop
4y18sIBBWwmVU5GZGniQRk,canadian pop
4y1KFvRyH91poKpMp9d0JW,canadian pop
5D5GTs7Wrf5E18omMtQqR6,canadian pop
6iV6RjqpU60dKx7w8tLHlN,canadian pop
6KTKUNcKRdTN4acqHVhCaT,canadian pop
6o5O9LmipmBmhfpOf3aT8x,canadian pop
6oh0Im4H4KY2ZqNG5DOY8D,canadian pop
6PzEs0jXuYZi5dkKJLLt9K,canadian pop
7ivTHwCxZ8tkIB5gOuFcS8,canadian pop
0QzuaeCEEOV40Pn7IvKEny,chill r&b
51kQvG4aghW17VSZKkfxTp,chill r&b
2MJz8BxxMsERULatmBikDH,chill r&b
7oT5JOWwxnwcZRI6NLzhWs,classic k-pop
06dSpsGXbN3ftm2x21KMS4,colombian pop
0cZi84zW6FV4sdqgCOzVa4,colombian pop
0g32IGydyWafmMsFNYsZtf,colombian pop
0LfXmc9ua2RcLjL2VSvIEf,colombian pop
0UHwnxpzTa7GhwMToqSjq3,colombian pop
19hRndkliMdQey8RR0wh4u,colombian pop
1NSw81IskMLRpe6xKzWKBN,colombian pop
1X0aHHSf3yn6YZQgrNsiT8,colombian pop
1yJsVfsVw2iTbGegzCuvVD,colombian pop
1yLoZpuZeMYhXtZr7nA3yf,colombian pop
2fbrONKz0vw3pir5Mpuc49,colombian pop
2FR0O5MXDI2nyHIhvBSJip,colombian pop
2RdzlKBL0uknDdxA5fkg9c,colombian pop
2xRoPOFDuJuy3S3napmDul,colombian pop
4IoUIzkyJxgJLjT5fUozXT,colombian pop
4mVaTfDCJxu7IIdoNOGjEY,colombian pop
4xB9Puport4SVmekR1PJ8C,colombian pop
51GqirkyxA2uDZJvCTS3cR,colombian pop
5Ww3aLYnIvB9ZkEzPq4Cdd,colombian pop
67mWDOdzS0r6EbAhu1Yqsl,colombian pop
68WXAuztqy7jEApIEfhU0t,colombian pop
6QRISsCXT4KAK1tGd7mQsr,colombian pop
6RkCj4JCEQtp3Q3RNcgevF,colombian pop
74NjoFeZBdh0F5gFr6t32V,colombian pop
7cddLlVN84h4TCr5ExNkTp,colombian pop
02VBYrHfVwfEWXk5DXyf0T,dance pop
06KyNuuMOX1ROXRhj787tj,dance pop
0ClPIeT6MSgfSgQ9ZrJbAq,dance pop
0EcQcdcbQeVJn9fknj44Be,dance pop
0KKkJNfGyhkQ5aFogxQAPU,dance pop
0lWsA6TPYDRWenhCJrbfYu,dance pop
0mBP9X2gPCuapvpZ7TGDk3,dance pop
0Ts1lnK3lYa2dwE2orDJc5,dance pop
0wPKDeY4fZXT6k9bzV0kx0,dance pop
0XER3HPMx223xWaAgNKp4Y,dance pop
0xzI1KAr0Yd9tv8jlIk3sn,dance pop
1jEBSDN5vYViJQr78W7jr2,dance pop
1xzi1Jcr7mEi9K2RfzLOqS,dance pop
2BgEsaKNfHUdlh97KmvFyo,dance pop
2JzZzZUQj3Qff7wapcbKjc,dance pop
2MOoIbJWIYikwIXjBDe26i,dance pop
2NGPPfcQfNm3f2ym3WHBuf,dance pop
35mvY5S1H3J2QZyna3TFe0,dance pop
37R0bQOQj5a7DOqh1TGzvB,dance pop
3iLBFgaQJ94iarMgzrTuWb,dance pop
3nqQXoyQOWXiESFLlDF1hG,dance pop
3qonjOrhFCfTnaaMruHzxW,dance pop
3UhLNLeoDTeYozCENkoFTe,dance pop
3ZPBZH2k9p306C1bu7bkhC,dance pop
4C6Uex2ILwJi9sZXRdmqXp,dance pop
4HBZA5flZLE435QTztThqH,dance pop
4oTn7ylKtjeMYwxatEVFAt,dance pop
5cF0dROlMOK5uNZtivgu50,dance pop
5nujrmhLynf4yMoMtj8AQF,dance pop
5Odq8ohlgIbQKMZivbWkEo,dance pop
7BKLCZ1jbUBVqRi2FVlTVw,dance pop
0nhBKubnVz9yFNNprBniWz,dance pop
0Wc6cbF38a90b8wov9V63F,dance pop
10xV5l9nhLvFpR8mqzs0bL,dance pop
35ovElsgyAtQwYPYnZJECg,dance pop
4qu63nuBpdn0qHUHuObEj1,dance pop
4uUG5RXrOk84mYEfFvj3cK,dance pop
7uoFMmxln0GPXQ0AcCBXRq,dance pop
5f2CcxzZoW7hNs1O8NhG6y,danish pop
0O6u0VJ46W86TxN9wgyqDj,dfw rap
21jGcNKet2qwijlDFuPiPb,dfw rap
0xzI1KAr0Yd9tv8jlIk3sn,edm
7BKLCZ1jbUBVqRi2FVlTVw,edm
10xV5l9nhLvFpR8mqzs0bL,edm
4qu63nuBpdn0qHUHuObEj1,edm
4uUG5RXrOk84mYEfFvj3cK,edm
18uwL0vNUanqZH0ro2QcOP,electropop
0EcQcdcbQeVJn9fknj44Be,electropop
0u2P5u6lvoDfwTYjAADbn4,electropop
2MOoIbJWIYikwIXjBDe26i,electropop
3ZPBZH2k9p306C1bu7bkhC,electropop
0Wc6cbF38a90b8wov9V63F,electropop
0xzI1KAr0Yd9tv8jlIk3sn,electropop
7BKLCZ1jbUBVqRi2FVlTVw,electropop
3QRUPaizh0X42xNQMr8aPg,freestyle
0T5iIrXA4p5GsubkhuBIKV,gen z singer-songwriter
3xKsf9qdS1CyvXSMEid6g8,hip hop
5unjCay0kUjuej5ebn4nS4,hip hop
2JzZzZUQj3Qff7wapcbKjc,hip hop
1bDbXMyjaUIooNwFE9wn0N,hip hop
2KLwPaRDOB87XOYAT2fgxh,hip hop
3F5CgOj3wFlRv51JsHbxhe,hip hop
46s57QULU02Voy0Kup6UEb,hip hop
4C6Uex2ILwJi9sZXRdmqXp,hip pop
27ZZdyTSQWI7Cug2d2PkqV,indie hip hop
5SuOikwiRyPMVoIQDJUgSV,j-acoustic
186NCtNk1tUYS7c2DxgJ7O,j-division
2LowwiemmGMzzNSH1PJprK,j-division
39EXZNMxb4RBHlRjnRaOKp,j-division
3sd3HIsexBWBQZKYBJLuh5,j-division
1uveEvgKX4irLcp1BUTIFD,j-pop
3lUOzabhWYyRImRszpJGOU,j-pop
4xk70Qur2QeRmWIzWPC63V,j-pop
7ajpbW6tBpqUI9foCtwlLw,j-pop
04TshWXkhV1qkqHzf31Hn6,j-pop
3khEEPRyBeOUabbmOPJzAG,j-pop
5SuOikwiRyPMVoIQDJUgSV,j-pop
15HNdxGKNCIO9pgaY4n7FU,j-pop
4zrKPIygugUDKGFEjVwpSB,j-pop
5SuOikwiRyPMVoIQDJUgSV,japanese singer-songwriter
3lUOzabhWYyRImRszpJGOU,japanese soul
4xk70Qur2QeRmWIzWPC63V,japanese soul
0o9zmvc5f3EFApU52PPIyW,japanese teen pop
1uveEvgKX4irLcp1BUTIFD,japanese teen pop
7ajpbW6tBpqUI9foCtwlLw,japanese teen pop
03YtYSkpHqqY3EBmHJkTjP,k-indie
0AgsvBRorqrr4eWvKVzPOj,k-indie
19Hg1UCZaCdpHB37L7x63X,k-indie
1bUacg9mWo407qZvsknlFd,k-indie
1deQhoZakgMT5fw0t9zliD,k-indie
1m8b3KFsAiGyjRc90ZfEB9,k-indie
1OQ3PoRZRtE7RH0NIh3p1O,k-indie
2bPHxBNkKpnehnmEBYuW9n,k-indie
2bU2EvhMM4Z1M1CLJlnZH1,k-indie
30tYWTkLIQtZWnRIOqcHnJ,k-indie
3DO8WRX72c1Z5hduVL1Nd5,k-indie
423WHvB4mKprM6hELzpH3F,k-indie
47CcHKISaUPsK4QkO9ERFc,k-indie
48mBeNB9eRSxbPn9bDIcyn,k-indie
4FKmrrI6y8REWoCyV5tAhY,k-indie
4JmRth9mDEINhUNIpDYLQi,k-indie
4YaKlkNVJNbrIqN82EKFsQ,k-indie
57rt6Jj7woE21ae3Ml2vw8,k-indie
5BqwC9kOBbqYkzdOKeXFFk,k-indie
6DA7kCWYMggJjqPM84V2Ng,k-indie
775S83AMYbQc8SYteOktTL,k-indie
7wLJ4xzxNss5abZ1kXs242,k-indie
00uFEOmLiTxS1icHk0TQ2C,k-pop
00XrbymEYDhTSLwsWTzxor,k-pop
02SbQgZbzMoylPoGr32ugF,k-pop
0a4MMyCrzT0En247IhqZbD,k-pop
0CatzXH85XWyBqqdB6qPMB,k-pop
0CnpSTdL9l5vQM4YnzXtyo,k-pop
0czUnAtqnnBnAbqIdAf31m,k-pop
0h7QMc9ZRzA9QJrbEHytn2,k-pop
0hqj5JBnFt1BHEz2UCFwrl,k-pop
0i2XXofKXlXbZ2sjnh06Jj,k-pop
0ObcVIFoDdBBClvABfJvdz,k-pop
0oeVHAgY8Q7Mdce5Quj2G4,k-pop
0TEge1tvDWPvHSjeSdPgRm,k-pop
0TQoxRybRBuKktu7VKA92w,k-pop
0uqBlpfRNZeGqoFYGCHquf,k-pop
0VES0jpNQEdRpD31gYDIMe,k-pop
0wnSAKtD7n2Z5uOZcu0Obr,k-pop
10SRMwb9EuVS1K9rYsBfHQ,k-pop
15c7KZTrsCUxCQcOdUVELc,k-pop
16LATbHXLu0gh8MCw1hUGl,k-pop
1aj2QjvasLKgRU9WBGHfS5,k-pop
1dfsPqH09vnzUWEOsN98Ex,k-pop
1ex8euBuzVyqjThnYfwY2k,k-pop
1GMufNnkKAnPLnqKJ5HHxW,k-pop
1HsSIPLTQT354yJcQGfEY3,k-pop
1iBzUztYothYmLyDQtGm59,k-pop
1IthE5GNiRzFN5CVaCa445,k-pop
1m2PksrrMpIev63uPxT1V0,k-pop
1MIUb1YqTmBRnZrSxgxXEd,k-pop
1MtCOuTy3B6fU72LQPvg16,k-pop
1mWdTewIgB3gtBM3TOSFhB,k-pop
1oen3GpTcA486fTHaT7neg,k-pop
1RDvyOk4WtPCtoqciJwVn8,k-pop
1RHTdr5QfviCYI70QPPDJN,k-pop
1xWVYPdaLm909DbFmuPGOR,k-pop
1Z8TPHiKeCUyClxV6WTTIf,k-pop
21hB8x6QTEsTfIDENPcyXm,k-pop
22Yvqg6B0mDqWmT14QdRoM,k-pop
245onUPHGD1DYuiacxTuW0,k-pop
27zrFrtUtWl2urlvjOn5xc,k-pop
2BPXILn0MqOe5WroVXlvN1,k-pop
2DwUdMJ5uxv20EhAildreg,k-pop
2FWquqPNxte8iqZ3ATQG0p,k-pop
2g0LdZQce9xlcHb1mBJyuz,k-pop
2Ghu1DdMwxS3VAyB7i38Wo,k-pop
2IgbYlOlFpiSFYnsqB39lM,k-pop
2iZVatlifgIuGqsNsh1M8K,k-pop
2jiI8bNSDu7UxTtDCOqh3L,k-pop
2klid0zSCvIkOjXa0EKbVd,k-pop
2NwYByNEWdDuqDhCHHB6Rp,k-pop
2oBMZYteeO8DyXV9gDx6Za,k-pop
2P6PLe4ojigLUp4CWMkcAI,k-pop
2pIUpMhHL6L9Z5lnKxJJr9,k-pop
2r8F0VYPom2XP4cKAzWLLE,k-pop
2RMwzg51OZwF7AugMGMnN8,k-pop
2TfsNTyC4uuamXBZJnU0ga,k-pop
2V7Gxq4QW2Fm4zizDF0V6Z,k-pop
2X45nVBeYzmDlrXji9Av0Q,k-pop
2xgACMNtJ5YktyvOC83SPO,k-pop
2yl0ZSIKVqumq2PpJdGbxJ,k-pop
2zlgwqw8BLX2JGB76LIFeF,k-pop
2ZXXwpomdj8xBYl352iyKH,k-pop
37CzIrozTeoHJ5ow8wSjfn,k-pop
3ABi5sVjvEp08IQEKh8BmG,k-pop
3BHR1mJOqn2UZyq98YKPgd,k-pop
3bTaEBBu6Z2avRD6eQLJqx,k-pop
3CYH422oy1cZNoo0GTG1TK,k-pop
3fphPSrCiCRby31DJiELC5,k-pop
3gFcGnU4kTdMYLXDjH1TK8,k-pop
3HAkoNmThZhyFejhpRXXYI,k-pop
3jsYQw78lrxJA2ysnmOIf9,k-pop
3LCwQoTrdQgHsGJE5gGVqx,k-pop
3Ml2s37uS9jqRM2R3bfDiB,k-pop
3NxuezMdSLgt4OwHzBoUhL,k-pop
3P3UA61WRQqwCXaoFOTENd,k-pop
3pqgVtpnQbBAZoWT4AEm1B,k-pop
3QwiidVHfeE9y5jl4n2MTC,k-pop
3THdOskGxdJcRbp0DcS4s0,k-pop
3TSLqZssCoCdDlMhCJ08XW,k-pop
3uA8SjMyDtwtt0jLPMQbVD,k-pop
3uEcpyQUi0PVHy2sXfO3mu,k-pop
3XYRV7ZSHqIRDG87DKTtry,k-pop
3y7ByLZ05tluscOTRgEJ9Y,k-pop
3yknnBN93YcTMnUYFnzDu1,k-pop
3Z2x4v9CdkCzkh3KIi5roQ,k-pop
40BomFCBuJok3OjxM9oG7e,k-pop
41aK2m09u10TnlKHOyHH1C,k-pop
41KiFWhvIgjdVura4h93Zh,k-pop
42TGLajWw43lkOF671gtDE,k-pop
45OX2jjEw1l7lOFJfDP9fv,k-pop
46wDG6evLn2iPoQ0F8CUWk,k-pop
4as4XEOR03oGm1STUKl6pa,k-pop
4Dr2hJ3EnVh2Aaot6fRwDO,k-pop
4gMPlHHAjOQnUrhsuqHivn,k-pop
4IyZRfH1jGzXjVg9RH6a3p,k-pop
4JzCFEc3O2UEdjKzevvFH5,k-pop
4NQ8DTueMrnI7u5qUEaR7b,k-pop
4ppKRxity3jJd2hGoVyD4u,k-pop
4rBoCpnlrW5c5F1hiYQ0GT,k-pop
4SQH8x0PnOqEWWgbAlXIXJ,k-pop
4t2FIqZJORKZGSKg30SShr,k-pop
4TZYF2Ul2fPNVp0I5wqTZz,k-pop
4XKXphKH76W4zNpkgFS5o2,k-pop
4Yqung81v8CmhDCEXUyjTm,k-pop
4zANzcZpfLBqszg0FpZBdr,k-pop
4ZxOuNHhpyOj4gv52MtQpT,k-pop
54R0aKDvKRwciGanyJRS1Q,k-pop
56Cmy1rCQ35V2Q7groYiHl,k-pop
56s2s5e8WuBsWVKnmz6J9L,k-pop
5aHwYjiSGgJAxy10mBMlDT,k-pop
5AkyvofVWUqds8x1HHgDU9,k-pop
5aucVLKiumD89mxVCB4zvS,k-pop
5AZk9HRY7NtwqSnoxzjKeC,k-pop
5BXr7hYZQOeRttkeWYTq5S,k-pop
5DMjG8KWIgDpROLAunoVic,k-pop
5e8CguO1UhriN1RErLqgtv,k-pop
5EaVikAxSRponyifRP6Fhp,k-pop
5eO04wLeM487N9qhPHPPoB,k-pop
5expoVGQPvXuwBBFuNGqBd,k-pop
5GKwq4sO5ZHKuWaDmdwMQc,k-pop
5i6gHFXg4aLK5xvc2jJJC5,k-pop
5mdWIwsJAzR97ShGkt8gcR,k-pop
5MkmB9khBQE8R70ZqN2MP9,k-pop
5nCwjUUsmBuNZKn9Xu10Os,k-pop
5OcucU4xdFb8nhoSS7Gj8f,k-pop
5P3o95Jf0YBQRQ4j2XPpfC,k-pop
5qjJUh2ArVOk5zuSJ41T5B,k-pop
5quFr5s5PXYfUX5jV2EBZ1,k-pop
5w83PmMj6gpa3CRElK4Sdm,k-pop
5xrtzzzikpG3BLbo4q1Yul,k-pop
61aMk6VH8dNYFxKLrQRiH6,k-pop
61tqrU7wp1EnoJ5ajtYXMl,k-pop
646UF6MvpT5PbnLosjfX34,k-pop
66sBTYlkaiyBwf4fhbIHlZ,k-pop
69xohKu8C1fsflYAiSNbwM,k-pop
6bvZRLLkBKkmgpBJTTj3QK,k-pop
6C734SmqoIYuRWo2qSCnpC,k-pop
6CHlFvLhEOB3JwWcgDw0C2,k-pop
6FZAc2XaVYc8G8jaDnBshv,k-pop
6Ho58vQUjGnBU9m8Z6uNcv,k-pop
6I2tqFhk8tq69iursYxuxd,k-pop
6jjYDGxVJsWS0a5wlVF5vS,k-pop
6LnEoRQKMcaFTR5UvaKuBy,k-pop
6mzF8HvHdVrzJNd8M1uFCS,k-pop
6oh1ZPr1XSVoRq7F2zyDGv,k-pop
6OuY6YXVxRwdUqus4SJwbv,k-pop
6RBziRcDeiho3iTPdtEeg9,k-pop
6SG8lh7fWQ2bahP5WBYePn,k-pop
6SpPr7K4YQ2wp8jU6uOTmQ,k-pop
6TBJkXHPhu3EsMk1bshwuI,k-pop
6tCd8bPvYnceDG7W9M1RMk,k-pop
6UBb1sPq0reldDGYfvr9xF,k-pop
6uEWYpv8HNAdbwHlqemG1F,k-pop
6WYsZJDfUOftGVji74yYSU,k-pop
6XdXTQV3qwim4Bji87TT8t,k-pop
6z1kLsntE7FuzKZHZWrXYN,k-pop
7035sowF3NNYDfRUO8GF9H,k-pop
7AY5AVDNEvjSGcpdRkMJIa,k-pop
7B9W7Qsy5M2kyUNjQYIEG8,k-pop
7CAdT0HdiQNlt1C7xk2hep,k-pop
7Ejqkb9YfldcLoh8B6bXgj,k-pop
7EyhPjrJzjx0fk2i7vUJCS,k-pop
7GNRUsU3M4XNDDB9xle5Dz,k-pop
7jn7Twa2blnw4sx8w9Igu9,k-pop
7pDDXE5HVFZBvMxjL4CjVp,k-pop
7rXcCpIAoOUCydkVDMcoPV,k-pop
7tOsgOjrzBVQqyaMDBlZV8,k-pop
1OQ3PoRZRtE7RH0NIh3p1O,k-pop
2bPHxBNkKpnehnmEBYuW9n,k-pop
47CcHKISaUPsK4QkO9ERFc,k-pop
4FKmrrI6y8REWoCyV5tAhY,k-pop
51kQvG4aghW17VSZKkfxTp,k-pop
775S83AMYbQc8SYteOktTL,k-pop
0CatzXH85XWyBqqdB6qPMB,k-pop boy group
0ObcVIFoDdBBClvABfJvdz,k-pop boy group
0uqBlpfRNZeGqoFYGCHquf,k-pop boy group
10SRMwb9EuVS1K9rYsBfHQ,k-pop boy group
16LATbHXLu0gh8MCw1hUGl,k-pop boy group
1HsSIPLTQT354yJcQGfEY3,k-pop boy group
1IthE5GNiRzFN5CVaCa445,k-pop boy group
1MIUb1YqTmBRnZrSxgxXEd,k-pop boy group
1mWdTewIgB3gtBM3TOSFhB,k-pop boy group
1Z8TPHiKeCUyClxV6WTTIf,k-pop boy group
2klid0zSCvIkOjXa0EKbVd,k-pop boy group
2NwYByNEWdDuqDhCHHB6Rp,k-pop boy group
2r8F0VYPom2XP4cKAzWLLE,k-pop boy group
2V7Gxq4QW2Fm4zizDF0V6Z,k-pop boy group
2zlgwqw8BLX2JGB76LIFeF,k-pop boy group
2ZXXwpomdj8xBYl352iyKH,k-pop boy group
3HAkoNmThZhyFejhpRXXYI,k-pop boy group
3QwiidVHfeE9y5jl4n2MTC,k-pop boy group
3THdOskGxdJcRbp0DcS4s0,k-pop boy group
3TSLqZssCoCdDlMhCJ08XW,k-pop boy group
3XYRV7ZSHqIRDG87DKTtry,k-pop boy group
3yknnBN93YcTMnUYFnzDu1,k-pop boy group
3Z2x4v9CdkCzkh3KIi5roQ,k-pop boy group
42TGLajWw43lkOF671gtDE,k-pop boy group
4IyZRfH1jGzXjVg9RH6a3p,k-pop boy group
4JzCFEc3O2UEdjKzevvFH5,k-pop boy group
4NQ8DTueMrnI7u5qUEaR7b,k-pop boy group
4Yqung81v8CmhDCEXUyjTm,k-pop boy group
4zANzcZpfLBqszg0FpZBdr,k-pop boy group
5aHwYjiSGgJAxy10mBMlDT,k-pop boy group
5e8CguO1UhriN1RErLqgtv,k-pop boy group
5elW2CKSoqjYoJ32AGDxf1,k-pop boy group
69xohKu8C1fsflYAiSNbwM,k-pop boy group
6I2tqFhk8tq69iursYxuxd,k-pop boy group
6jjYDGxVJsWS0a5wlVF5vS,k-pop boy group
6LnEoRQKMcaFTR5UvaKuBy,k-pop boy group
6OuY6YXVxRwdUqus4SJwbv,k-pop boy group
6UBb1sPq0reldDGYfvr9xF,k-pop boy group
7035sowF3NNYDfRUO8GF9H,k-pop boy group
7AY5AVDNEvjSGcpdRkMJIa,k-pop boy group
7jn7Twa2blnw4sx8w9Igu9,k-pop boy group
07fqC2Puj13frv9iYtlcri,k-pop girl group
0LMdtBOxbVgrYoA4n0Vwvv,k-pop girl group
0Q5VnK2DYzRyfqQRJuUtvi,k-pop girl group
2cGf0hmhkACTwRj58XNGlP,k-pop girl group
2jaZpjWHv68e2FYr0v3WUj,k-pop girl group
2mgzUVvDpb1zMSB4glLQ6T,k-pop girl group
2zrhoHlFKxFTRF5aMyxMoQ,k-pop girl group
3dbLT62Cvs46Ju7a8gpr36,k-pop girl group
5RoqWTV72C8GZhHmQqBh7O,k-pop girl group
5ZzFww6qXDJZIhObXrJ8E2,k-pop girl group
6CV6j2xz54thzlrWML3kAW,k-pop girl group
755xxrmlLAC1WexjXYQ7Dp,k-pop girl group
7n2FZQsaLb7ZRfRPfEeIvr,k-pop girl group
00XrbymEYDhTSLwsWTzxor,k-pop girl group
0a4MMyCrzT0En247IhqZbD,k-pop girl group
0CnpSTdL9l5vQM4YnzXtyo,k-pop girl group
0oeVHAgY8Q7Mdce5Quj2G4,k-pop girl group
1GMufNnkKAnPLnqKJ5HHxW,k-pop girl group
1iBzUztYothYmLyDQtGm59,k-pop girl group
1m2PksrrMpIev63uPxT1V0,k-pop girl group
1oen3GpTcA486fTHaT7neg,k-pop girl group
21hB8x6QTEsTfIDENPcyXm,k-pop girl group
2DwUdMJ5uxv20EhAildreg,k-pop girl group
2oBMZYteeO8DyXV9gDx6Za,k-pop girl group
2pIUpMhHL6L9Z5lnKxJJr9,k-pop girl group
3ABi5sVjvEp08IQEKh8BmG,k-pop girl group
3BHR1mJOqn2UZyq98YKPgd,k-pop girl group
3CYH422oy1cZNoo0GTG1TK,k-pop girl group
3gFcGnU4kTdMYLXDjH1TK8,k-pop girl group
3pqgVtpnQbBAZoWT4AEm1B,k-pop girl group
3uEcpyQUi0PVHy2sXfO3mu,k-pop girl group
4ZxOuNHhpyOj4gv52MtQpT,k-pop girl group
56s2s5e8WuBsWVKnmz6J9L,k-pop girl group
5BXr7hYZQOeRttkeWYTq5S,k-pop girl group
5expoVGQPvXuwBBFuNGqBd,k-pop girl group
5GKwq4sO5ZHKuWaDmdwMQc,k-pop girl group
5MkmB9khBQE8R70ZqN2MP9,k-pop girl group
5P3o95Jf0YBQRQ4j2XPpfC,k-pop girl group
61tqrU7wp1EnoJ5ajtYXMl,k-pop girl group
646UF6MvpT5PbnLosjfX34,k-pop girl group
6bvZRLLkBKkmgpBJTTj3QK,k-pop girl group
6C734SmqoIYuRWo2qSCnpC,k-pop girl group
6Ho58vQUjGnBU9m8Z6uNcv,k-pop girl group
6SpPr7K4YQ2wp8jU6uOTmQ,k-pop girl group
6tCd8bPvYnceDG7W9M1RMk,k-pop girl group
6WYsZJDfUOftGVji74yYSU,k-pop girl group
7B9W7Qsy5M2kyUNjQYIEG8,k-pop girl group
7Ejqkb9YfldcLoh8B6bXgj,k-pop girl group
7EyhPjrJzjx0fk2i7vUJCS,k-pop girl group
7pDDXE5HVFZBvMxjL4CjVp,k-pop girl group
07trPhWMgiagFnSOlmpzl0,k-rap
0b5xMWDVHK7SSZI0Lr2iNg,k-rap
0hUH6MXHQn9coBKHMXWpD8,k-rap
0NCStxRS9GPHaioX0RKJJs,k-rap
11fB0pRXSdxOgoM8ity2D4,k-rap
1ee336VqMtJzZzZKRqNXAK,k-rap
1GFS1xMbcAWXf5W0tSuZev,k-rap
1jQg7ImfH2OVpp9lu9mOj0,k-rap
1pzMTqvKABFaYYde4coFSg,k-rap
1XkMxUilV0E3ChDERZJUEq,k-rap
26Iv7VGUF1lqU10rxQXFL8,k-rap
2eLe81VDUQ5f0xFfc9cMWz,k-rap
2fzucOTof4pxCDG6u8iiGY,k-rap
2lHmx4nJOTGHx2PkEFMADF,k-rap
2odm919sRfQIhH2na8YSKK,k-rap
2SMq0lOqCTHayWa9juoI0d,k-rap
2SSbQoEqPHu6qAgi3pFobY,k-rap
3fZWliK6TSGwx2feMCnu2Z,k-rap
3ijq6sRH7PgRabMb83VvQO,k-rap
3oiMjDZ1bShIpFfOQf55IW,k-rap
3uKoBRThCMtgKss90CiXQc,k-rap
41HriGdYdajxCJIOMiIBWs,k-rap
4eFXETUyAguBzHZ1KkOAAZ,k-rap
4g6XOg9rvB55GCTJcYchOG,k-rap
4T2cOfemKB0owJS2JOu7dF,k-rap
4t3Vgfjl9Sb6ZR5q5kGOUL,k-rap
4WiZMFJos3BUHSieP9cHTM,k-rap
5g2Ik0WJG9rqu97nCLcQhV,k-rap
5OiD0uUNxZkSyG3opReDlx,k-rap
6eyVKpe2LGukVfC8wpd3D2,k-rap
6JeleVHUHrdvgiFESE33ZU,k-rap
6lny2zJqlDPBzgq1Eiy0a0,k-rap
6M5Fmd33trlDZe2zjGtpqA,k-rap
6MPAgclYe1F9LSYXxOuoBC,k-rap
6r1Jwbd0UwCpuLzPG4y9Ub,k-rap
7K31QxS2DmTBxdYldd8yqf,k-rap
7uy9pd7vLYQHYWFczj0urj,k-rap
1aj2QjvasLKgRU9WBGHfS5,k-rap
22Yvqg6B0mDqWmT14QdRoM,k-rap
2FWquqPNxte8iqZ3ATQG0p,k-rap
2iZVatlifgIuGqsNsh1M8K,k-rap
2TfsNTyC4uuamXBZJnU0ga,k-rap
4ppKRxity3jJd2hGoVyD4u,k-rap
4XKXphKH76W4zNpkgFS5o2,k-rap
54R0aKDvKRwciGanyJRS1Q,k-rap
5DMjG8KWIgDpROLAunoVic,k-rap
5mdWIwsJAzR97ShGkt8gcR,k-rap
5OcucU4xdFb8nhoSS7Gj8f,k-rap
5qjJUh2ArVOk5zuSJ41T5B,k-rap
5quFr5s5PXYfUX5jV2EBZ1,k-rap
5w83PmMj6gpa3CRElK4Sdm,k-rap
61aMk6VH8dNYFxKLrQRiH6,k-rap
6CHlFvLhEOB3JwWcgDw0C2,k-rap
6oh1ZPr1XSVoRq7F2zyDGv,k-rap
7GNRUsU3M4XNDDB9xle5Dz,k-rap
03YtYSkpHqqY3EBmHJkTjP,k-rock
19Hg1UCZaCdpHB37L7x63X,k-rock
03YtYSkpHqqY3EBmHJkTjP,korean dream pop
19Hg1UCZaCdpHB37L7x63X,korean dream pop
6DA7kCWYMggJjqPM84V2Ng,korean indie folk
423WHvB4mKprM6hELzpH3F,korean indie rock
03YtYSkpHqqY3EBmHJkTjP,korean indie rock
19Hg1UCZaCdpHB37L7x63X,korean indie rock
7GNRUsU3M4XNDDB9xle5Dz,korean old school hip hop
1lUNlmwyhsJy6kXmmrO11t,korean ost
0VES0jpNQEdRpD31gYDIMe,korean ost
186NCtNk1tUYS7c2DxgJ7O,korean ost
1bUacg9mWo407qZvsknlFd,korean ost
2bU2EvhMM4Z1M1CLJlnZH1,korean ost
2LowwiemmGMzzNSH1PJprK,korean ost
39EXZNMxb4RBHlRjnRaOKp,korean ost
3sd3HIsexBWBQZKYBJLuh5,korean ost
5AZk9HRY7NtwqSnoxzjKeC,korean ost
03qu1u4hDyepQQi2lNxCka,korean pop
0afoCntatBcJGjz525RxBT,korean pop
0M4EDkH7RpbKlWwrZ9o17N,korean pop
0tgxvf4rqBBeEB54h0nnRD,korean pop
0UnOf7i44YK0ULpkEGHe4R,korean pop
1hyyH6xSgtcgwpNOR9cX1t,korean pop
1z4mivQugjaobIZAqR4N4U,korean pop
20SIjymeaQNEv0NkPLpa6N,korean pop
2DxIskzSK7ZhDQBi8SQT8W,korean pop
2PmLP4DNUPJC98L78mrkal,korean pop
2vA5M8uXee4amGQajyUMFR,korean pop
2WRag4aQzatDf8SZV7ohbb,korean pop
3qCL1z9ex9cM26sAYfAHxU,korean pop
3tdVMK7L0hJyluQaG0i925,korean pop
3UPjb91Fwm7u2tAm92Bk0p,korean pop
44AbcJTKmV3hipk9gKgUbA,korean pop
49jhaFKylisSzgaReEP2Jt,korean pop
4LxFRsy3TZjqAtAgIsjkez,korean pop
4QL7JQXCrWoCGsRKnGkga1,korean pop
4Qs0LHbUWwhHFQ7iflUfht,korean pop
4so85rrFc5TCgT6rd2vweV,korean pop
5kPpA4aMFeAQnahSnTIOi4,korean pop
5mwZ597mJSZ4MtO0EtxWBE,korean pop
6262LmmRM1khHX1D4yk6MA,korean pop
6q5qD963d6AuwUF7NAcVhl,korean pop
6TFzDICsKe0OqhifV79uKr,korean pop
79w8z28yTXmAvC7L7grLux,korean pop
7CEp2jyohd05jqAiWafcOK,korean pop
7hSxOrxogaR7YGpg4l8wmd,korean pop
7MXtr93z4ltQzhfIxYnYWX,korean pop
0b5xMWDVHK7SSZI0Lr2iNg,korean pop
0hqj5JBnFt1BHEz2UCFwrl,korean pop
0hUH6MXHQn9coBKHMXWpD8,korean pop
0i2XXofKXlXbZ2sjnh06Jj,korean pop
0wnSAKtD7n2Z5uOZcu0Obr,korean pop
11fB0pRXSdxOgoM8ity2D4,korean pop
1ee336VqMtJzZzZKRqNXAK,korean pop
1jQg7ImfH2OVpp9lu9mOj0,korean pop
1m8b3KFsAiGyjRc90ZfEB9,korean pop
1MtCOuTy3B6fU72LQPvg16,korean pop
1xWVYPdaLm909DbFmuPGOR,korean pop
2BPXILn0MqOe5WroVXlvN1,korean pop
2fzucOTof4pxCDG6u8iiGY,korean pop
2odm919sRfQIhH2na8YSKK,korean pop
2X45nVBeYzmDlrXji9Av0Q,korean pop
30tYWTkLIQtZWnRIOqcHnJ,korean pop
37CzIrozTeoHJ5ow8wSjfn,korean pop
3DO8WRX72c1Z5hduVL1Nd5,korean pop
3Ml2s37uS9jqRM2R3bfDiB,korean pop
3QRUPaizh0X42xNQMr8aPg,korean pop
41aK2m09u10TnlKHOyHH1C,korean pop
41HriGdYdajxCJIOMiIBWs,korean pop
4rBoCpnlrW5c5F1hiYQ0GT,korean pop
4SQH8x0PnOqEWWgbAlXIXJ,korean pop
4t2FIqZJORKZGSKg30SShr,korean pop
4TZYF2Ul2fPNVp0I5wqTZz,korean pop
5AkyvofVWUqds8x1HHgDU9,korean pop
5eO04wLeM487N9qhPHPPoB,korean pop
5i6gHFXg4aLK5xvc2jJJC5,korean pop
5OiD0uUNxZkSyG3opReDlx,korean pop
6eyVKpe2LGukVfC8wpd3D2,korean pop
6FZAc2XaVYc8G8jaDnBshv,korean pop
6lny2zJqlDPBzgq1Eiy0a0,korean pop
6M5Fmd33trlDZe2zjGtpqA,korean pop
6RBziRcDeiho3iTPdtEeg9,korean pop
6SG8lh7fWQ2bahP5WBYePn,korean pop
6XdXTQV3qwim4Bji87TT8t,korean pop
7oT5JOWwxnwcZRI6NLzhWs,korean pop
7tOsgOjrzBVQqyaMDBlZV8,korean pop
7wLJ4xzxNss5abZ1kXs242,korean pop
0VES0jpNQEdRpD31gYDIMe,korean pop
1OQ3PoRZRtE7RH0NIh3p1O,korean pop
2bPHxBNkKpnehnmEBYuW9n,korean pop
47CcHKISaUPsK4QkO9ERFc,korean pop
4FKmrrI6y8REWoCyV5tAhY,korean pop
5AZk9HRY7NtwqSnoxzjKeC,korean pop
775S83AMYbQc8SYteOktTL,korean pop
0RErLzcXg9K3FtjN86e4gm,korean r&b
56kfw7CKOCgcYqaoDU5o0B,korean r&b
0czUnAtqnnBnAbqIdAf31m,korean r&b
0TQoxRybRBuKktu7VKA92w,korean r&b
245onUPHGD1DYuiacxTuW0,korean r&b
27zrFrtUtWl2urlvjOn5xc,korean r&b
2IgbYlOlFpiSFYnsqB39lM,korean r&b
2jiI8bNSDu7UxTtDCOqh3L,korean r&b
2yl0ZSIKVqumq2PpJdGbxJ,korean r&b
3fphPSrCiCRby31DJiELC5,korean r&b
3fZWliK6TSGwx2feMCnu2Z,korean r&b
3ijq6sRH7PgRabMb83VvQO,korean r&b
3uA8SjMyDtwtt0jLPMQbVD,korean r&b
4g6XOg9rvB55GCTJcYchOG,korean r&b
4T2cOfemKB0owJS2JOu7dF,korean r&b
4WiZMFJos3BUHSieP9cHTM,korean r&b
5aucVLKiumD89mxVCB4zvS,korean r&b
6MPAgclYe1F9LSYXxOuoBC,korean r&b
6mzF8HvHdVrzJNd8M1uFCS,korean r&b
6z1kLsntE7FuzKZHZWrXYN,korean r&b
0b5xMWDVHK7SSZI0Lr2iNg,korean r&b
0hUH6MXHQn9coBKHMXWpD8,korean r&b
11fB0pRXSdxOgoM8ity2D4,korean r&b
1ee336VqMtJzZzZKRqNXAK,korean r&b
1MtCOuTy3B6fU72LQPvg16,korean r&b
2FWquqPNxte8iqZ3ATQG0p,korean r&b
2fzucOTof4pxCDG6u8iiGY,korean r&b
2TfsNTyC4uuamXBZJnU0ga,korean r&b
41HriGdYdajxCJIOMiIBWs,korean r&b
4ppKRxity3jJd2hGoVyD4u,korean r&b
51kQvG4aghW17VSZKkfxTp,korean r&b
5mdWIwsJAzR97ShGkt8gcR,korean r&b
5OiD0uUNxZkSyG3opReDlx,korean r&b
5quFr5s5PXYfUX5jV2EBZ1,korean r&b
61aMk6VH8dNYFxKLrQRiH6,korean r&b
6DA7kCWYMggJjqPM84V2Ng,korean r&b
6eyVKpe2LGukVfC8wpd3D2,korean r&b
6FZAc2XaVYc8G8jaDnBshv,korean r&b
6lny2zJqlDPBzgq1Eiy0a0,korean r&b
6M5Fmd33trlDZe2zjGtpqA,korean r&b
6SG8lh7fWQ2bahP5WBYePn,korean r&b
0VES0jpNQEdRpD31gYDIMe,korean r&b
0afoCntatBcJGjz525RxBT,korean singer-songwriter
49jhaFKylisSzgaReEP2Jt,korean singer-songwriter
0ICkuRd0qNZDZY82kGhs89,korean trap
7IuuFQShxmy7zMZ3vZvMFj,korean trap
41HriGdYdajxCJIOMiIBWs,korean trap
6eyVKpe2LGukVfC8wpd3D2,korean trap
6M5Fmd33trlDZe2zjGtpqA,korean trap
4eFXETUyAguBzHZ1KkOAAZ,korean underground rap
4LxFRsy3TZjqAtAgIsjkez,korean underground rap
4QL7JQXCrWoCGsRKnGkga1,korean underground rap
38T0tPVZHcPZyhtOcCP7pF,lgbtq+ hip hop
3xKsf9qdS1CyvXSMEid6g8,lgbtq+ hip hop
3LtpKP5abr2qqjunvjlX5i,melodic drill
0O6u0VJ46W86TxN9wgyqDj,melodic rap
21jGcNKet2qwijlDFuPiPb,melodic rap
5odlY52u43F5BjByhxg7wg,modern indie pop
0HqZX76SFLDz2aW8aiqi7G,modern rock
68EkhVWIeULhHxcbi1QhzK,modern rock
3xKsf9qdS1CyvXSMEid6g8,neo soul
0QzuaeCEEOV40Pn7IvKEny,nyc pop
46HNZY1i7O6jwTA7Slo2PI,permanent wave
4h9wh7iOZ0GGn8QVp4RAOB,piano rock
2JzZzZUQj3Qff7wapcbKjc,pittsburgh rap
02P1cQx0begtmQ0fbinBdP,pop
02v1WBDFwrZHotl1DWkajB,pop
07xJRhsHjkgFFwoo1f2VsQ,pop
0B3wgb9raXYpnjy1euSWlz,pop
0eVNR9XuSRlbQdXa23UZwq,pop
0JsSCThbWcH5X2Zqu0BUSI,pop
0kprsRWNROj0F9gWU03huj,pop
0Kw80FbTQNJYV1TNqxcyzz,pop
0levMHO1k1TYMpJQRKmIpW,pop
0LNSM4LHs9xoR3YPiRCrbR,pop
0MvGqcwwm0jnvIMAMjLhKw,pop
0n3ITat4GytRLC6jPyABYN,pop
0n7cPfaBTTS16dO1AV08ju,pop
0puqcTLYiHgaEKEOMgUFv1,pop
0SLqBBhjDjsQn0mLM43c2J,pop
0tgVpDi06FyKpA1z0VMD4v,pop
0V3wPSX9ygBnCm8psDIegu,pop
0YWIP4EEZ1wXNVqU9YqGzz,pop
135Lf4Q0CzlMNfOxbEUsLH,pop
18sCBuEvAiHapgOwcw6IFZ,pop
1cxyrBKEptoennkMi8ZKfM,pop
1D1yWm9dKEPwWzuK2fY01V,pop
1deOmUkb5npfvRtNRayiFW,pop
1ei3hzQmrgealgRKFxIcWn,pop
1kklcaM4jwtmBv5nPjoQhx,pop
1NAY6YaMDuOe4lyhQZlzVU,pop
1nmeUmSMNLoLDwDXtcezmD,pop
1OQtga086xfOROYGII8pjm,pop
1qEmFfgcLObUfQm0j1W2CK,pop
1qtFb1XeGc6lDvKIHsvdtW,pop
1Rz6I2f6unQLAzu2PkYVBA,pop
1T8nk0yWiy7IuV9x3nAMDO,pop
1Tm0rYs7cplVDTuFkKTd6z,pop
1UrxHMC37ESvo6RFpNO3oD,pop
1wtOxkiel43cVs0Yux5Q4h,pop
1X1VZ9Y6c4P8vjKNwDpeZV,pop
1XVIOxSbkdmaWh3FXqhy0y,pop
1y0haASFnCrsr7jwnAI2wB,pop
1ZMiCix7XSAbfAJlEZWMCp,pop
2b4SJXvaUKPSZGlSdjkw0L,pop
2bBsDdzSNnlveqba0OuDNf,pop
2d3d9xZutJjmUpntiyHt3F,pop
2gI2YaFnePESXXCBGfUkC0,pop
2haE7jlj8D0qeINMIuna81,pop
2K8b5qolJ15yKbL7GeO3Az,pop
2MaU0VK26KK8fT2THEZnEl,pop
2ndy61L3dr2q8cWYGSiCtZ,pop
2RSQd1Ik43DTUvPSHAjkKh,pop
2TaXXREyYbm15fCP6evDD0,pop
2WhXnGv3Hy7tj5J9CHNwnF,pop
33sEXd9eQSV7vM3wE4BFaM,pop
34BnRRhWiBqPaSEnLS6NWF,pop
34GqpgyTNxfKbi6BMNrB7z,pop
34ZAzO78a5DAVNrYIGWcPm,pop
35gK0UeTh8GKAZLmRXqUm0,pop
38T3drW9FsXQ3mfshCj9gE,pop
3AGU3snL1U5flbYGAGYBAg,pop
3coaGKwjxsmAL7BfcMXfie,pop
3eEqiNMqkfRdl51PhAm2wv,pop
3emuRLjWoRyuxnMkHcXI5w,pop
3FAJ6O0NOHQV8Mc5Ri6ENp,pop
3gEmFpGocK9hhQCG2yBZTM,pop
3HrgUzIHGS4DlnHOGyRbjT,pop
3I0iOoxqYPyBFpgB8cHBnc,pop
3jjujdWJ72nww5eGnfs2E7,pop
3kN0BfW6G6kmKlVyVpiZmL,pop
3LJB7pqRKOzho2OM1Ei4iy,pop
3mdF0bgtjoc8mlSSaTPgGr,pop
3OfmuZLkg7iQTMA5tIEPup,pop
3OTdtKkXYcF8MPFhjK5JGI,pop
3Q3NBm2pGVmIUKz8z3lwaK,pop
3qoftcUZaUOncvIYjFSPdE,pop
3rWDp9tBPQR9z6U5YyRSK4,pop
3SpsvKyrQI6ZMO9t9Fbete,pop
3tYJfatSoIWHnnE5hMfjrJ,pop
3VrY6Kxo4mKbDIr0xkpvY9,pop
3wz29IEBZbkhiX6DI4oRua,pop
3X2XuNrF1HkMWjeIgZZTIt,pop
3y5fg7eF5IUqEsBx6tTaiR,pop
41kYNTAcT5CNviQXtga714,pop
45Hvu246Exavl9m1WOcwQw,pop
4cktbXiXOapiLBMprHFErI,pop
4CKxkdVoJjkJ7Urm1qtFlc,pop
4D7BCuvgdJlYvlX5WlN54t,pop
4Dvkj6JhhA12EX05fT7y2e,pop
4h4QlmocP3IuwYEj2j14p8,pop
4h5KzK8Q1d93N0rVZJ069T,pop
4hM5X0KcGNNJakRfqx9Q6X,pop
4ia9HmRGDwV5hSgYs5vIRt,pop
4Jk9QmF3r7WtDub9nT3xXA,pop
4lLVYetVYAazWlmUZwqy90,pop
4LRPiXqCikLlN15c3yImP7,pop
4qAteuJxOnJNYQ8ldHJwfp,pop
4vDj4PMqHBiozeq3FwOZo2,pop
4veFb5uKKHJJspIaaVIExx,pop
4vFpETE8rb7jm4R3H0m4C2,pop
4wVE0nywtE2qM72CTdWhEY,pop
4zrKN5Sv8JS5mqnbVcsul7,pop
50nfwKoDiSYg8zOCREWAm5,pop
523f4oSjrZx83XDtRLnsIw,pop
537xd3jT8Y5JkB6mL4XYy8,pop
55cwGtYrExG7slEAor5jeR,pop
56qefCpMKCMgAFlByMAV5J,pop
572HgTYkxL7KQkRqet9xQZ,pop
5a3koONGScCjtGjjVUTNJz,pop
5jQI2r1RdgtuT8S3iG8zFC,pop
5KLYwrII3a6rgYiJgdJikf,pop
5LZrY4KXsH3YgzHYaYSvgT,pop
5o0TYziRozX4aX9woy3zH3,pop
5OrGXSivJCRgb67wBIuwkV,pop
5Pj8BICKO0mKmWIJjx2r1j,pop
5wnRi07GkbVJR6STDTjXtn,pop
5Y06m5Ge8T87uvmiz9nICY,pop
6AXetVNcjP5n1pqgnqWJGx,pop
6br8EOsIWwp7JS2ffA1RCd,pop
6bRWtZ1cdEBqG68Y9YF67L,pop
6C0H8ts9M6deezz0yYR6LK,pop
6CI3Kfe0xpeIjg3StvBdBX,pop
6Cktj7a7hNedZuhewXyYDb,pop
6Iz2CM1kkndD9aQvPZTPB6,pop
6McYut2JmvMNXMaI0HJWH9,pop
6muVMCIThGYy3u7pULe86s,pop
6nMBlWaHk4jLyx4Dydzm6E,pop
6PYgye5sUC8o1SjL7fb73X,pop
6PZTQ37Syl0b6rNBnumQ2w,pop
6Q3gZzlxnWrQlacoMNc1qb,pop
6QJJESUpy0zjdWB7z4BRS2,pop
6u0Zx8gcaFSvfiACaCU6we,pop
6UelLqGlWMcVH1E5c4H7lY,pop
6wamoeggiIRI1K4PZCoDQb,pop
6xbhMWpJki2WLyCZup1qV3,pop
6yhDZBPpf2uq9mbwF44qEH,pop
6zrENLGHNwrlxsiyZK0iln,pop
7150hGjubLK1L5xQ2DSyPy,pop
734y6W5Btw5Yw8NhkFZw8j,pop
74GLCclS06PNDor8I1B9Dy,pop
76FU818uPrqB9VpZzA6bog,pop
770nxRxqvAzBOaucj4lhNJ,pop
77RfvTszt9QKi98yrnakL0,pop
7c0oiaVe9vcSTHMly7xqN3,pop
7FvnqIN3aSiQiQ8rnbbUc5,pop
7Juwp5JfIU1rAIg3ta4Pmm,pop
7nP2XgJzOqj65TM8W0nIdw,pop
7oUHzZKNKUTrlU7DYxhQ7v,pop
7qiZfU4dY1lWllzX7mPBI3,pop
7v7VZMWM7inUFM95OYAoYW,pop
7xh7Wv7Ivam8SnMcIwq5Hx,pop
02VBYrHfVwfEWXk5DXyf0T,pop
06KyNuuMOX1ROXRhj787tj,pop
0ClPIeT6MSgfSgQ9ZrJbAq,pop
0cNPqJaCPX1qC6FLShDbTk,pop
0fpaxEr8yfUmqzkjkVVh6c,pop
0hWURjT3p4tMF2EouNO6TL,pop
0kjrclqdeE7ua5QuLOt6lc,pop
0KKkJNfGyhkQ5aFogxQAPU,pop
0lWsA6TPYDRWenhCJrbfYu,pop
0MbBvTzDEhuhovH38SlOD5,pop
0mBP9X2gPCuapvpZ7TGDk3,pop
0mhgGrhoasMh0Mm3Pr5mOX,pop
0pKrXUJnNZKWp42Vs86BJx,pop
0QLeetDdf7f8U9KdefEqP6,pop
0R9gzUCdHsmNTv1736jwwz,pop
0RexAGwhw5XkDlLAP664De,pop
0RLyFN5WUDs5FGWxhrhyv8,pop
0sJoS6WwijnAg14V0LNLZ2,pop
0T5iIrXA4p5GsubkhuBIKV,pop
0Ts1lnK3lYa2dwE2orDJc5,pop
0wPKDeY4fZXT6k9bzV0kx0,pop
0X0sfNoqXY3hTKCSAfsfIA,pop
0XER3HPMx223xWaAgNKp4Y,pop
0XFtgnkaSPg22OFVxwaokS,pop
0XsIrgTCZiXZHLTPqoK1Wy,pop
0yVOfcUWiG5k0EfNEafqEI,pop
15c7KZTrsCUxCQcOdUVELc,pop
1884JbEN81jSSjrzcvo1lr,pop
18pCUVDpZ7vfOZ1reFKMEr,pop
18uwL0vNUanqZH0ro2QcOP,pop
1DU4JZkTMfeRLxaf93jSVQ,pop
1FOTZuCuaEP6X4XeqvlIa7,pop
1jEBSDN5vYViJQr78W7jr2,pop
1mgulDZFQy40DD99jnhsdg,pop
1nahzW3kfMuwReTka28tH5,pop
1vidBJDfIet0vTvxE86WF4,pop
1WPk31vOhXsD1UGYzAgKg3,pop
1xNOBaPbPDFo168LnuJibu,pop
1xYbnuXJNR9XyxHMxY5a3k,pop
1xzi1Jcr7mEi9K2RfzLOqS,pop
26R9HfBgT5TtBvc3YKGYyO,pop
2BgEsaKNfHUdlh97KmvFyo,pop
2csDETcuCRQno0BAkUQ5zk,pop
2HBx5LsrZCFx6PqFN0zNBk,pop
2IdeteRHRxt7nnzFhhyV6k,pop
2If9QU6kkmfjLhnA5OK9WN,pop
2NGPPfcQfNm3f2ym3WHBuf,pop
2RmleWPP01fSwJVJgkmY9F,pop
2S53DLvJ9cFs48qDzHsQ8d,pop
2STXvf1eG22Oi9b89A8XRK,pop
2T4QZKkasqoJMYNprXpj02,pop
35mvY5S1H3J2QZyna3TFe0,pop
37R0bQOQj5a7DOqh1TGzvB,pop
38T0tPVZHcPZyhtOcCP7pF,pop
3bLbHvEaFGsaPh1QqU4ojx,pop
3CtAIfhyJBzupm0WYu9F3U,pop
3HiNpLjdmHb9iBhYrrwTaj,pop
3iLBFgaQJ94iarMgzrTuWb,pop
3iZQlbC7vsZyqOK0AixWlx,pop
3jbM6Grqsd6PKLOmuztY4M,pop
3jsYQw78lrxJA2ysnmOIf9,pop
3NFskAeslLtEj7Byir56nl,pop
3nqQXoyQOWXiESFLlDF1hG,pop
3qonjOrhFCfTnaaMruHzxW,pop
3T03rPwlL8NVk1yIaxeD8U,pop
3U3YbpEsP4YZdbf6vuTood,pop
3UhLNLeoDTeYozCENkoFTe,pop
46HNZY1i7O6jwTA7Slo2PI,pop
4E6jYPC7XeXWUXWer3SdyQ,pop
4edtsBlaX23OPYmhA4R0GP,pop
4F6QidTszkY0i4zdCdpuIO,pop
4FrLdkSLwXfi0mpwhXgbSK,pop
4GcjPfHqQWcWPI7d2sFrKf,pop
4gMPlHHAjOQnUrhsuqHivn,pop
4h9wh7iOZ0GGn8QVp4RAOB,pop
4HBZA5flZLE435QTztThqH,pop
4hqdUCRGCgFUs7mTTtaQxB,pop
4iJyoBOLtHqaGxP12qzhQI,pop
4kQt4s2xEA94UesOcYQoZk,pop
4LlsFkZkNZ75KqatWWChpP,pop
4olCy0F9gefBrtMa2LRUKk,pop
4OoQykDW36zdl0whu08sne,pop
4oTn7ylKtjeMYwxatEVFAt,pop
4PFDvGuxj8DCTE7UY8efoo,pop
4PUxTfKi1Re1iUjNORRPpu,pop
4tsVFElmTY44I6udgbUynq,pop
4TWNMQowfgSjVqIH3eRptg,pop
4upHguFfNpugv8RHsEXCCo,pop
4wgQ43II1YH9U09xkEZKV1,pop
4WwTrlftPDN46ftHJzdNyW,pop
4X2WhxV26txcQTiD8NHayi,pop
4xqrdfXkTW4T0RauPLv3WA,pop
4XvEBgLNklx56nuSlRKaMa,pop
50kpGaPAhYJ3sGmk6vplg0,pop
51nsLSvJySIkaocxqWU4f2,pop
56Cmy1rCQ35V2Q7groYiHl,pop
5bQbsMFvB9x0J2u0J4lwyl,pop
5Ca8CNLVSpwhVkfEm0Btru,pop
5cF0dROlMOK5uNZtivgu50,pop
5GF2M1kFOOOff2s1SP8kTG,pop
5hnGrTBaEsdukpDF6aZg8a,pop
5jxDxHWUxnqCIAa6LviG4b,pop
5nSlg4EKsHxg0M5YJSKJbX,pop
5nujrmhLynf4yMoMtj8AQF,pop
5odlY52u43F5BjByhxg7wg,pop
5Odq8ohlgIbQKMZivbWkEo,pop
5og5UrvRVDU4fCwuYnHzXi,pop
5PjdY0CKGZdEuoNab3yDmX,pop
5PN290iJiaFr71y5apJFxE,pop
5q3LwAHTqo9d3rET2EA9Nq,pop
5unjCay0kUjuej5ebn4nS4,pop
5v2RWD7IvVi22SRN2029ew,pop
5VCsso7wMGNFWlj3aNfwkJ,pop
5WqDp89igSH6eTDuIpDlaC,pop
5YQEbNhv4ewqUtzv1HR3A1,pop
670At8JalbSN00iZrdjLDg,pop
6AcY2JoNsJ3J4fLdAlsr3S,pop
6EFd0xjcSQAsymyqB1baPO,pop
6eFs2Yx8u3m6PV1nIhmTZn,pop
6EOLYeCDZABrOxvCyBrubE,pop
6hdtsTWdaTqrAXoT5FFW38,pop
6HUF7WijT1hfiJuspi2rej,pop
6I3mqTwhRpn34SLVafSH7G,pop
6jVEZZpsh6uudO4Hi1bUpN,pop
6KfoDhO4XUWSbnyKjNp9c4,pop
6l7kWcN7OmSICHyyH1aleH,pop
6pxtGxFxI0kekjHNT1hqwx,pop
6QVL5kOLaGxO3gRJCysvaW,pop
6TBJkXHPhu3EsMk1bshwuI,pop
6uEWYpv8HNAdbwHlqemG1F,pop
6ugkcrFkPvuO4tB5qJZEv1,pop
6YzKaMmk0vSCJ2YQOZAVUx,pop
6ZLrxx40tBFTptUDBtI5PY,pop
6ZSTS5BUb1frFsa2b3Dzjz,pop
759bZPN1fjPvbCfVqNN2Cv,pop
76HClxWxvHx1sFvlDswKhF,pop
7FwWGQi2XiOhC8Fxugvonr,pop
7iCEcGeSrPexwtL8R0q2GX,pop
7pfIuLWQIOccOC8WwIvQQC,pop
7rXcCpIAoOUCydkVDMcoPV,pop
7u0De0nCtrcVL82KgIzzEE,pop
07aRW1pyQbQ2XyFDAuZqVj,pop
0EcQcdcbQeVJn9fknj44Be,pop
0FeIHC8NLDuECIdDX678RE,pop
0nhBKubnVz9yFNNprBniWz,pop
0QzuaeCEEOV40Pn7IvKEny,pop
0u2P5u6lvoDfwTYjAADbn4,pop
12OA5g535pKO3wAngigXDd,pop
1agdUoJsYEqdMX6xZH9dZN,pop
1dMYXa80RxTbif52FgSsNo,pop
1IZ2wT7JTz8LFgH5EQMO2p,pop
22Pj0MqPGaN5jBghFlvDuW,pop
2Ch7LmS7r2Gy2kc64wv3Bz,pop
2ExUUIl6ZTBiJOD1kfRlFp,pop
2LBqCSwhJGcFQeTHMVGwy3,pop
2MJz8BxxMsERULatmBikDH,pop
2MOoIbJWIYikwIXjBDe26i,pop
35ovElsgyAtQwYPYnZJECg,pop
3bDDGh5FOIfgmGW4AAucPL,pop
3duh1DJwxHBreO8WJKklfx,pop
3V9rxJh15JwkJz9dkboloY,pop
3XbbXDty66ZeFPCyo9t7c1,pop
3ZPBZH2k9p306C1bu7bkhC,pop
4C6Uex2ILwJi9sZXRdmqXp,pop
4hFex1culG8cWTy47bW3N6,pop
4LrO11nmCWubzzCdETXavm,pop
4O00tt69fUibqVPSH1SBIY,pop
4pqWzi8QsCSQT0HzABSIHI,pop
4y18sIBBWwmVU5GZGniQRk,pop
4y1KFvRyH91poKpMp9d0JW,pop
5D5GTs7Wrf5E18omMtQqR6,pop
6iV6RjqpU60dKx7w8tLHlN,pop
6KTKUNcKRdTN4acqHVhCaT,pop
6o5O9LmipmBmhfpOf3aT8x,pop
6oh0Im4H4KY2ZqNG5DOY8D,pop
6PzEs0jXuYZi5dkKJLLt9K,pop
7ivTHwCxZ8tkIB5gOuFcS8,pop
0Wc6cbF38a90b8wov9V63F,pop
0xzI1KAr0Yd9tv8jlIk3sn,pop
10xV5l9nhLvFpR8mqzs0bL,pop
2FWquqPNxte8iqZ3ATQG0p,pop
3xKsf9qdS1CyvXSMEid6g8,pop
4qu63nuBpdn0qHUHuObEj1,pop
4uUG5RXrOk84mYEfFvj3cK,pop
51kQvG4aghW17VSZKkfxTp,pop
5quFr5s5PXYfUX5jV2EBZ1,pop
7BKLCZ1jbUBVqRi2FVlTVw,pop
7uoFMmxln0GPXQ0AcCBXRq,pop
2BgEsaKNfHUdlh97KmvFyo,pop dance
5unjCay0kUjuej5ebn4nS4,pop rap
2JzZzZUQj3Qff7wapcbKjc,pop rap
06dSpsGXbN3ftm2x21KMS4,pop reggaeton
0cZi84zW6FV4sdqgCOzVa4,pop reggaeton
0g32IGydyWafmMsFNYsZtf,pop reggaeton
0LfXmc9ua2RcLjL2VSvIEf,pop reggaeton
0UHwnxpzTa7GhwMToqSjq3,pop reggaeton
19hRndkliMdQey8RR0wh4u,pop reggaeton
1NSw81IskMLRpe6xKzWKBN,pop reggaeton
1X0aHHSf3yn6YZQgrNsiT8,pop reggaeton
1yJsVfsVw2iTbGegzCuvVD,pop reggaeton
1yLoZpuZeMYhXtZr7nA3yf,pop reggaeton
2fbrONKz0vw3pir5Mpuc49,pop reggaeton
2FR0O5MXDI2nyHIhvBSJip,pop reggaeton
2RdzlKBL0uknDdxA5fkg9c,pop reggaeton
2xRoPOFDuJuy3S3napmDul,pop reggaeton
4IoUIzkyJxgJLjT5fUozXT,pop reggaeton
4mVaTfDCJxu7IIdoNOGjEY,pop reggaeton
4xB9Puport4SVmekR1PJ8C,pop reggaeton
51GqirkyxA2uDZJvCTS3cR,pop reggaeton
5Ww3aLYnIvB9ZkEzPq4Cdd,pop reggaeton
67mWDOdzS0r6EbAhu1Yqsl,pop reggaeton
68WXAuztqy7jEApIEfhU0t,pop reggaeton
6QRISsCXT4KAK1tGd7mQsr,pop reggaeton
6RkCj4JCEQtp3Q3RNcgevF,pop reggaeton
74NjoFeZBdh0F5gFr6t32V,pop reggaeton
7cddLlVN84h4TCr5ExNkTp,pop reggaeton
0XER3HPMx223xWaAgNKp4Y,post-teen pop
4edtsBlaX23OPYmhA4R0GP,post-teen pop
2BgEsaKNfHUdlh97KmvFyo,post-teen pop
4C6Uex2ILwJi9sZXRdmqXp,queens hip hop
34ZAzO78a5DAVNrYIGWcPm,r&b
3FAJ6O0NOHQV8Mc5Ri6ENp,r&b
1xzi1Jcr7mEi9K2RfzLOqS,r&b
0O6u0VJ46W86TxN9wgyqDj,rap
21jGcNKet2qwijlDFuPiPb,rap
34ZAzO78a5DAVNrYIGWcPm,rap
4jFlvOGheB5FXdPSArZGBN,rap
1bDbXMyjaUIooNwFE9wn0N,rap
2KLwPaRDOB87XOYAT2fgxh,rap
3F5CgOj3wFlRv51JsHbxhe,rap
46s57QULU02Voy0Kup6UEb,rap
51KwESn78U3KYfLYUc6NA0,reggaeton
7envjz1ZJxoMzwP78jNm5B,reggaeton
7pCAgxLJuNETr84gQA0xNG,reggaeton
06dSpsGXbN3ftm2x21KMS4,reggaeton colombiano
0cZi84zW6FV4sdqgCOzVa4,reggaeton colombiano
0g32IGydyWafmMsFNYsZtf,reggaeton colombiano
0LfXmc9ua2RcLjL2VSvIEf,reggaeton colombiano
0UHwnxpzTa7GhwMToqSjq3,reggaeton colombiano
19hRndkliMdQey8RR0wh4u,reggaeton colombiano
1NSw81IskMLRpe6xKzWKBN,reggaeton colombiano
1X0aHHSf3yn6YZQgrNsiT8,reggaeton colombiano
1yJsVfsVw2iTbGegzCuvVD,reggaeton colombiano
1yLoZpuZeMYhXtZr7nA3yf,reggaeton colombiano
2fbrONKz0vw3pir5Mpuc49,reggaeton colombiano
2FR0O5MXDI2nyHIhvBSJip,reggaeton colombiano
2RdzlKBL0uknDdxA5fkg9c,reggaeton colombiano
2xRoPOFDuJuy3S3napmDul,reggaeton colombiano
4IoUIzkyJxgJLjT5fUozXT,reggaeton colombiano
4mVaTfDCJxu7IIdoNOGjEY,reggaeton colombiano
4xB9Puport4SVmekR1PJ8C,reggaeton colombiano
51GqirkyxA2uDZJvCTS3cR,reggaeton colombiano
5Ww3aLYnIvB9ZkEzPq4Cdd,reggaeton colombiano
67mWDOdzS0r6EbAhu1Yqsl,reggaeton colombiano
68WXAuztqy7jEApIEfhU0t,reggaeton colombiano
6QRISsCXT4KAK1tGd7mQsr,reggaeton colombiano
6RkCj4JCEQtp3Q3RNcgevF,reggaeton colombiano
74NjoFeZBdh0F5gFr6t32V,reggaeton colombiano
7cddLlVN84h4TCr5ExNkTp,reggaeton colombiano
0HqZX76SFLDz2aW8aiqi7G,rock
4jFlvOGheB5FXdPSArZGBN,trap
51KwESn78U3KYfLYUc6NA0,trap latino
7envjz1ZJxoMzwP78jNm5B,trap latino
7pCAgxLJuNETr84gQA0xNG,trap latino
06dSpsGXbN3ftm2x21KMS4,trap latino
0cZi84zW6FV4sdqgCOzVa4,trap latino
0g32IGydyWafmMsFNYsZtf,trap latino
0LfXmc9ua2RcLjL2VSvIEf,trap latino
0UHwnxpzTa7GhwMToqSjq3,trap latino
19hRndkliMdQey8RR0wh4u,trap latino
1NSw81IskMLRpe6xKzWKBN,trap latino
1X0aHHSf3yn6YZQgrNsiT8,trap latino
1yJsVfsVw2iTbGegzCuvVD,trap latino
1yLoZpuZeMYhXtZr7nA3yf,trap latino
2fbrONKz0vw3pir5Mpuc49,trap latino
2FR0O5MXDI2nyHIhvBSJip,trap latino
2RdzlKBL0uknDdxA5fkg9c,trap latino
2xRoPOFDuJuy3S3napmDul,trap latino
4IoUIzkyJxgJLjT5fUozXT,trap latino
4mVaTfDCJxu7IIdoNOGjEY,trap latino
4xB9Puport4SVmekR1PJ8C,trap latino
51GqirkyxA2uDZJvCTS3cR,trap latino
5Ww3aLYnIvB9ZkEzPq4Cdd,trap latino
67mWDOdzS0r6EbAhu1Yqsl,trap latino
68WXAuztqy7jEApIEfhU0t,trap latino
6QRISsCXT4KAK1tGd7mQsr,trap latino
6RkCj4JCEQtp3Q3RNcgevF,trap latino
74NjoFeZBdh0F5gFr6t32V,trap latino
7cddLlVN84h4TCr5ExNkTp,trap latino
05STjz8kmPBUebu3uu5sO0,trot
0NPR33dSDeDdlWS4aaN3dc,trot
0rQJA3W3c58WQLJRQYr4Tg,trot
0yfQBmmOIVqiwhV5u10EhN,trot
13sAZcJP2b6D6Qjck3Ixc3,trot
1E14FuM0BRaHAJSJ9YxMVu,trot
1IvOxLYTstsq5Z6pN3l3zm,trot
2D1xAiDD33nqcxtSMH30hO,trot
2jidjmWNeRmKgLjXhW52Gz,trot
2lsRp40mCRkhqULWdMbOzn,trot
2RLdkXSaiQjRbey5pvP8Kt,trot
2tA3NP12r4niSRhb9Y6AoY,trot
365znJ27Fb3faGsctmQYWR,trot
43u5DDtK4vQ1coWXb4S5a8,trot
4Cr43xPo7bwyCcL1g3yVCu,trot
4Pe0HCc3Gib0o5bEU9genz,trot
4rMEoXVYww6Xy7q9wSj4gy,trot
4zCcKPm03kHARVAiyzlDX8,trot
50xSycnGMDy0Wg5jJcOv3S,trot
6auT8cRBu3BgPRBrdVBY15,trot
7x3SGAkfIrzDr9paSslwMv,trot
02v1WBDFwrZHotl1DWkajB,uk pop
07xJRhsHjkgFFwoo1f2VsQ,uk pop
0B3wgb9raXYpnjy1euSWlz,uk pop
0eVNR9XuSRlbQdXa23UZwq,uk pop
0JsSCThbWcH5X2Zqu0BUSI,uk pop
0kprsRWNROj0F9gWU03huj,uk pop
0Kw80FbTQNJYV1TNqxcyzz,uk pop
0n3ITat4GytRLC6jPyABYN,uk pop
0puqcTLYiHgaEKEOMgUFv1,uk pop
0SLqBBhjDjsQn0mLM43c2J,uk pop
0tgVpDi06FyKpA1z0VMD4v,uk pop
0YWIP4EEZ1wXNVqU9YqGzz,uk pop
18sCBuEvAiHapgOwcw6IFZ,uk pop
1D1yWm9dKEPwWzuK2fY01V,uk pop
1deOmUkb5npfvRtNRayiFW,uk pop
1kklcaM4jwtmBv5nPjoQhx,uk pop
1nmeUmSMNLoLDwDXtcezmD,uk pop
1OQtga086xfOROYGII8pjm,uk pop
1qtFb1XeGc6lDvKIHsvdtW,uk pop
1Rz6I2f6unQLAzu2PkYVBA,uk pop
1T8nk0yWiy7IuV9x3nAMDO,uk pop
1Tm0rYs7cplVDTuFkKTd6z,uk pop
1X1VZ9Y6c4P8vjKNwDpeZV,uk pop
1y0haASFnCrsr7jwnAI2wB,uk pop
2MaU0VK26KK8fT2THEZnEl,uk pop
2ndy61L3dr2q8cWYGSiCtZ,uk pop
2RSQd1Ik43DTUvPSHAjkKh,uk pop
2TaXXREyYbm15fCP6evDD0,uk pop
2WhXnGv3Hy7tj5J9CHNwnF,uk pop
33sEXd9eQSV7vM3wE4BFaM,uk pop
34BnRRhWiBqPaSEnLS6NWF,uk pop
34GqpgyTNxfKbi6BMNrB7z,uk pop
3coaGKwjxsmAL7BfcMXfie,uk pop
3eEqiNMqkfRdl51PhAm2wv,uk pop
3emuRLjWoRyuxnMkHcXI5w,uk pop
3HrgUzIHGS4DlnHOGyRbjT,uk pop
3I0iOoxqYPyBFpgB8cHBnc,uk pop
3kN0BfW6G6kmKlVyVpiZmL,uk pop
3LJB7pqRKOzho2OM1Ei4iy,uk pop
3mdF0bgtjoc8mlSSaTPgGr,uk pop
3OfmuZLkg7iQTMA5tIEPup,uk pop
3Q3NBm2pGVmIUKz8z3lwaK,uk pop
3SpsvKyrQI6ZMO9t9Fbete,uk pop
3tYJfatSoIWHnnE5hMfjrJ,uk pop
3wz29IEBZbkhiX6DI4oRua,uk pop
3X2XuNrF1HkMWjeIgZZTIt,uk pop
41kYNTAcT5CNviQXtga714,uk pop
45Hvu246Exavl9m1WOcwQw,uk pop
4CKxkdVoJjkJ7Urm1qtFlc,uk pop
4h5KzK8Q1d93N0rVZJ069T,uk pop
4ia9HmRGDwV5hSgYs5vIRt,uk pop
4Jk9QmF3r7WtDub9nT3xXA,uk pop
4lLVYetVYAazWlmUZwqy90,uk pop
4qAteuJxOnJNYQ8ldHJwfp,uk pop
4vDj4PMqHBiozeq3FwOZo2,uk pop
4veFb5uKKHJJspIaaVIExx,uk pop
4wVE0nywtE2qM72CTdWhEY,uk pop
4zrKN5Sv8JS5mqnbVcsul7,uk pop
50nfwKoDiSYg8zOCREWAm5,uk pop
537xd3jT8Y5JkB6mL4XYy8,uk pop
572HgTYkxL7KQkRqet9xQZ,uk pop
5a3koONGScCjtGjjVUTNJz,uk pop
5KLYwrII3a6rgYiJgdJikf,uk pop
5LZrY4KXsH3YgzHYaYSvgT,uk pop
5wnRi07GkbVJR6STDTjXtn,uk pop
5Y06m5Ge8T87uvmiz9nICY,uk pop
6AXetVNcjP5n1pqgnqWJGx,uk pop
6br8EOsIWwp7JS2ffA1RCd,uk pop
6bRWtZ1cdEBqG68Y9YF67L,uk pop
6CI3Kfe0xpeIjg3StvBdBX,uk pop
6Cktj7a7hNedZuhewXyYDb,uk pop
6McYut2JmvMNXMaI0HJWH9,uk pop
6muVMCIThGYy3u7pULe86s,uk pop
6nMBlWaHk4jLyx4Dydzm6E,uk pop
6PYgye5sUC8o1SjL7fb73X,uk pop
6PZTQ37Syl0b6rNBnumQ2w,uk pop
6u0Zx8gcaFSvfiACaCU6we,uk pop
6wamoeggiIRI1K4PZCoDQb,uk pop
6xbhMWpJki2WLyCZup1qV3,uk pop
6yhDZBPpf2uq9mbwF44qEH,uk pop
74GLCclS06PNDor8I1B9Dy,uk pop
76FU818uPrqB9VpZzA6bog,uk pop
77RfvTszt9QKi98yrnakL0,uk pop
7c0oiaVe9vcSTHMly7xqN3,uk pop
7FvnqIN3aSiQiQ8rnbbUc5,uk pop
7Juwp5JfIU1rAIg3ta4Pmm,uk pop
7nP2XgJzOqj65TM8W0nIdw,uk pop
7qiZfU4dY1lWllzX7mPBI3,uk pop
7v7VZMWM7inUFM95OYAoYW,uk pop
7xh7Wv7Ivam8SnMcIwq5Hx,uk pop
3nqQXoyQOWXiESFLlDF1hG,uk pop
5nujrmhLynf4yMoMtj8AQF,uk pop
35ovElsgyAtQwYPYnZJECg,urban contemporary
26hOm7dTtBi0TdpDGl141t,viral pop
4ewazQLXFTDC8XvCbhvtXs,viral pop
6xGruZOHLs39ZbVccQTuPZ,viral pop
06KyNuuMOX1ROXRhj787tj,viral pop
0ClPIeT6MSgfSgQ9ZrJbAq,viral pop
0lWsA6TPYDRWenhCJrbfYu,viral pop
0mBP9X2gPCuapvpZ7TGDk3,viral pop
0Ts1lnK3lYa2dwE2orDJc5,viral pop
0wPKDeY4fZXT6k9bzV0kx0,viral pop
1jEBSDN5vYViJQr78W7jr2,viral pop
2NGPPfcQfNm3f2ym3WHBuf,viral pop
37R0bQOQj5a7DOqh1TGzvB,viral pop
3iLBFgaQJ94iarMgzrTuWb,viral pop
3qonjOrhFCfTnaaMruHzxW,viral pop
3UhLNLeoDTeYozCENkoFTe,viral pop
4oTn7ylKtjeMYwxatEVFAt,viral pop
5cF0dROlMOK5uNZtivgu50,viral pop
5Odq8ohlgIbQKMZivbWkEo,viral pop
0nhBKubnVz9yFNNprBniWz,viral pop